,Department of Consumer Affairs&nbsp( Price Monitoring Division)Date 05/08/2022 Daily Retail Prices Of Essential Commodities Unit: (₹/Kg.),Unnamed: 1_level_0,Unnamed: 2_level_0,Unnamed: 3_level_0,Unnamed: 4_level_0,Unnamed: 5_level_0,Unnamed: 6_level_0,Unnamed: 7_level_0,Unnamed: 8_level_0,Unnamed: 9_level_0,Unnamed: 10_level_0,Unnamed: 11_level_0,Unnamed: 12_level_0,Unnamed: 13_level_0,Unnamed: 14_level_0,Unnamed: 15_level_0,Unnamed: 16_level_0,Unnamed: 17_level_0,Unnamed: 18_level_0,Unnamed: 19_level_0,Unnamed: 20_level_0,Unnamed: 21_level_0,Unnamed: 22_level_0
,Centre,Rice,Wheat,Atta (Wheat),Gram Dal,Tur/Arhar Dal,Urad Dal,Moong Dal,Masoor Dal,Sugar,Milk @,Groundnut Oil (Packed),Mustard Oil (Packed),Vanaspati (Packed),Soya Oil (Packed),Sunflower Oil (Packed),Palm Oil (Packed),Gur,Tea Loose,Salt Pack (Iodised),Potato,Onion,Tomato
0,CentreRiceWheatAtta (Wheat)Gram DalTur/Arhar DalUrad DalMoong DalMasoor DalSugarMilk @Groundnut Oil (Packed)Mustard Oil (Packed)Vanaspati (Packed)Soya Oil (Packed)Sunflower Oil (Packed)Palm Oil (Packed)GurTea LooseSalt Pack (Iodised)PotatoOnionTomato  Average Price37.0230.3734.8973.59107.4106.55102.1297.0841.8352.51187.95174.65155.05157.76181.11138.3149.51281.7619.9327.225.6234.33  Maximum Price584466120135146135130558025025522720224018512054728506080  Minimum Price2117225572737870353515514510513014085331238131010  Modal Price32.529.53070110120951004048182.51801601551751404524024252540  NORTH ZONE  CHANDIGARH382428781131111129041571771771751681701454823023232946  DELHI32242970110120979241502051851651592071465723324272530  HISAR302327659090909040551851451401451801304224023202025  KARNAL3426307010811010410040601751691461501591254125420252757  PANCHKULA322530669696988844562091811701761921544826024172022  GURGAON4025356810290959045561861831431461591454434020252025  SHIMLA36NR307010410395934450194189167153NRNR4326725303033  MANDI34NR29721061059710042421831801471451901524226225333340  DHARAMSHALA26NR276910910095954240NR180164160NRNR4525025253040  SOLAN34NR286910310794974143178166165155185NR4625025332525  UNA36NR26691069694974055NR169151162NRNR4422924303238  BILASPUR-HP42NR266410310394924052NR178150149NRNR4132624292430  CHAMBA25NR31661149891914455NR1801471411581354121024252540  HAMIRPUR-HP32NR286610310694964360NR182157NRNRNR4525924332538  SRINAGAR35355090120120110954842250182180177193NR4734025323038  JAMMU372732701251201101034650NR1881671601881374929725302543  POONCH372536751201151001004664NR2121871701831704830316262941  KUPWARA302529731091071001004857NR1871721721881474539224222230  AMRITSAR402528851351201351304255222210195202220NR5927724283336  LUDHIANA352227751121201031034051197167147153192NR5032024272547  BATHINDA3522257210811710210340492001681531481981305026524272843  LUCKNOW31242872108108989640592161861661591871655429120262533  KANPUR32232666105125858539561951601601521751404823524253540  VARANASI342933751111041029148652081781781791991715724925222731  AGRA352628751051009510040591901601481501851384235022222030  JHANSI322326709892929043511791671611591811494124021211931  MEERUT3726287711311711110039571901651561651861344633021221821  ALLAHABAD303032651031061028444571841601601461751254725620292838  GORAKHPUR282227651051081068941541971641541591841344720823232439  SAHARANPUR3125278111110710210041611811901671631901344432422262626  BAREILLY2825307711311811311339571981671541531851384240222272132  AYODHYA2926297110593939341551951771271471621224221525242427  MORADABAD26232766102104969441591841601351501831324325622222028  ALIGARH3222267511011010011039561721761521721901334224024211640  MIRZAPUR (VINDHYANCHAL)342526698886887941451881581571541761404623122222240  BANDA38262870100100959040581901801651701851405124223181333  AZAMGARH3024287010094949342551651701531531621454632022242438  GONDA (DEVIPATAN)382432751151251109045551851901551601901404734023213248  DEHRADUN28272970109112107914458189172175173192NR4228025262528  HALDWANI34303312011511811711042491761761701781791455025525353540  RUDRAPUR3123297011010910910840611881611651461661305020524242338  HARIDWAR33233392108104102914262178174158154176NR4628423232636  WEST ZONE  RAIPUR353332619390929142502051781451601851675230518242427  DURG283337691069897894256191167127153187140472609222116  AMBIKAPUR261924801001001019241411751801601621631403826015171820  BILASPUR-CG4032357510510010510040441951791581601751554329019252127  JAGDALPUR302838667291928839681641681241461691394630921192223  DANTEWADA423437781091081089839672231831481431831585150125282328  PANAJI4639347911711911910439522051821921721851325530723352827  AHMEDABAD363734639593889435561861751201871851604824515252437  RAJKOT3632356111089879540541871711681621731475130717202342  SURAT302828NR11011010011040NR155165NRNR147NR5046522363030  BHUJ303537751301359010049522082001972001971855629218192730  SELAMBA4633377810710810810738571771631401501801404537014261935  WAGHAI253032559092959239471811881641681941554045091718NR  BODELI3629306610888859040541931931811761831744228713262542  VAPI352835851101101208039601671571531631671334926011222833  BHOPAL313033659597969341541711981651401631034423315251525  INDORE352530679797949441571721841441451571254625817211731  GWALIOR292636651088590794263190169158150178NR4123023182426  JABALPUR352733709796958842571721541341501661003829015161422  REWA3720418310273111854145180166128156144NR4338715152743  SAGAR442426619694959139651711741371551631303626819131018  JHABUA302830701151051001004053185175173141205NR5227724302640  HOSHANGABAD332728669188867039561851701301461801403833010252025  SHAHDOL25292562957978924074182155120140195NR4418025252020  UJJAIN2929256092999010138551681721851421921204222823302541  MORENA3022266510090858540551801901251301401203523520201533  MUMBAI3540537711812012110342501981851931751841536831525402731  NAGPUR3929397210510810311440501872041821501921425227325322333  PUNE533446731261181169342542091611371441661413730624261723  NASHIK333533721101031019838501792171731371811415230324272243  MANGAON-RAIGAD3033487210611610010641581801731621461721345330220292842  DHARNI3230307011010496944040185188177144174NR393008202540  LATUR52323164105105959837581831631171331641323315725291418  JAIPUR3927286511210292894146203175140155192NR4127017222530  JODHPUR3429326311310388904135198180NRNR185NR4831518242135  KOTA35252895878593874248196183161175175NR4723121272147  UDAIPUR282627781109694934042196188128195NR1215724722252040  BHARATPUR302630701101201021004058200150140140NRNR4529522232530  AJMERNRNRNRNRNRNRNRNRNRNRNRNRNRNRNRNRNRNRNRNRNRNR  BIKANER4641427712712111811944451841811521822291564726824333750  EAST ZONE  PATNA36223571112102100924450NR1601331552001564829022242260  BHAGALPUR3826366910310197914552NR1761721762041534528614292338  PURNIA362932641049994874449NR157132146NR1264332413222054  DARBHANGA3827306696100100904246NR165160155NR1324019515202240  GAYA34242975104105100964445NR1951501781951324440022202440  MUZZAFARPUR35232967106103100884051NR1611691512191315431723222139  SARAN382630691099999894356NR159168153NR1344723323192235  MUNGER37293570105105103904048NR162167163225NR4531724212034  SAHARSA512229661109896844246NR180161163NRNR6012819192051  MADHUBANI322140649399999443481831621621681781565227712212146  ROHTAS (SASARAM)2630346510998948746592081591451451971304722525222533  MOTIHARI362427639595958442501551691341521541244328417182237  SAMASTIPUR3424276411092968442561951521181381951354626024171947  KATIHAR3824327210310298964448NR174162156178NR4034518262438  ARARIA29252966991001001004150NR1651631511981574333721211939  NAWADA4226296610410097934353NR188143161NR1394324821213440  KHAGARIA422430669898958543422421641281521581304138522212345  RANCHI4031346511092908542522301561181451821244824024222040  GUMLA32NR327698979898NRNRNRNRNRNRNRNRNRNRNRNRNRNR  SAHIBGANJ33202270100100958542NRNR209NRNRNRNR50NR20201650  BOKARO2825306595929583NRNR170162120165185125NRNRNR252540  LOHARDAGA342731661059691914352NR1761381662091364219821222228  SIMDEGA34NR366810094978542NRNR176NR170NR17142NR24232020  DHANBAD33293176971131029644552181751341741931194441918252446  JAMSHEDPUR (EAST SINGBHUM) 402930759598102824148165187163165170854021520205050  GIRIDHI3128298098100108884154NR19213218821017839295151534NR  BHUBANESHWAR32353669115120951044348NR172153NR1751285122724282534  CUTTACK363736711159699874346NR193124NR1891495025025252328  SAMBALPUR303132671059189874348NR191133NR1941464324722252130  ROURKELA303435671089695924350NR2001271621951454624022262035  BERHAMPUR31353665939691914348NR1911501371871504624521202630  JEYPORE2833346810010092884248NR160120NR1701254520023252025  BALASORE27NR337112096100944248NR185NRNR1771255224024252328  BARIPADA3237357011095908844481821651231801751255523024252030  BALANGIR3835407210510196923948NR17510817617512846NR24252220  KOLKATA41NR35731201061071024348NR1661551531961446425319302939  SILIGURI3629347911611311211043491811721361601701215321116252952  PURULIA33NR33719396929242521901621051401451224228819162733  KHARAGPUR44223080959612010542452081651301451801254523014282240  RAMPURHAT512233771079712310740541921781391641701385428019251744  MALDA34172479118991081034143NR1851201481741434829319232370  RAIGANJ3623368411512311010541391961721351651901345525310252058  NORTH EAST ZONE  PORT BLAIR413965801051171081045167NR240227NR2161767032522504050  MAYABUNDER49NR66861101301241005168201221175NR20817266NR19504050  ITANAGAR24NR4580120120120110NRNRNR150180160240NRNRNRNR354070  GUWAHATI272833659380908842652101741661551701554420015293045  BARPETA3724326810098969242682451781551771961504520512283060  TINSUKIA21NR33701159895924468NR180180150195NR58175122625NR  IMPHAL40343385110120100954960180170177170210167NR280NR353180  SHILLONG35343278103107107984468NR163160145193NR6025328333753  TURA223534851151201101034568NR175NR1602101407050015373753  JOWAI25343290100110115954568NR1601701702001506036028304043  SOHRA253230NR1201201151004566NR180NR150NRNR10034025226070  MAIRANG253433NRNRNRNR974568NR155NR160NRNRNR34712304033  AIZAWL454040100130130120130537219118718319120914712012325406060  KOHIMA40NR55NRNR1101201305555NR220210190NRNRNR36025306080  DIMAPUR23393665105901059550802101601351702101656220814303545  TUENSANG30NR50100NRNRNR10050NRNR170NR180NRNRNRNR20354565  GANGTOK533034851151251151104862NR220194201238NR6054717383550  AGARTALA45NR30751151101101155064NR1801801801901555018010353060  SOUTH ZONE  VIJAYWADA56414870106118104964267177175138NR1751265329718382626  VISAKHAPATNAM41343676115122107974150176180127NR1731255624020292324  KURNOOL5140427011212111210239591722491801901751275545022372215  TIRUPATHINRNRNRNRNRNRNRNRNRNRNRNRNRNRNRNRNRNRNRNRNRNR  JAMMALAMADUGUNRNRNRNRNRNRNRNRNRNRNRNRNRNRNRNRNRNRNRNRNRNR  BENGALURU533537801181051109942432101921141721761316339319282414  DHARWAD4036566711711610711337502032041791571861514539321323223  MANGALORE4439496898109989840431842141281551791455141214331919  MYSORE5037531039810811811638381962081901661811486451518412612  BENGALURU (EAST RANGE)5234367511810810110244412121931121771741385735517302812  BELAGAVI41353466105102919038481781711561461751265227319272627  KALABURAGI443237781001029810042461781741201741731374418617282120  TUMAKURU5034347110110710510039412092071731931741465531517302414  BELLARY42383560106105979438431721841151311721284218423312713  DHAVANAGERE4836597410611210110238401732051381621771355626819312311  SHIVAMOGGA434039699899979740441741641301441701264424014302719  VIJAYAPUR5734428011611812611038451942141681811881264332216312115  T.PURAM533947981251351281184245200186175NR1801487726715462727  ERNAKULAM473937951271461251214146191213190NR1881416121016422524  KOZHIKODE373949871231281271154248212226172NR1821456122213332614  THRISSUR444256981221321261114248215208183NR1801526026015422923  PALAKKAD383938811201221131114044218208187NR1751305224712402315  WAYANAD494437941231291251173948NR228213NR1851375221715382315  KASARGOD524450901141261141104046NRNR210NR1701284824215342518  KOTTAYAM5038361181181261161044150NR213190NR1921446024013422538  PATHANAMTHITTA513235951181311181284148NR248190NR1751456323714422930  PUDUCHERRY344033771191221111014044174178170NR1641264832821302514  CHENNAI5839336910711399974040181193143NR1761224930321362619  DINDIGUL55435075111118107974040204215160NR1841345629022382514  THIRUCHIRAPALLI523759751211241111054043193220152NR17712854NR24393116  COIMBATORE39394074116121103964040220209150NR1891375224023392012  TIRUNELVELI36385475112120102953940229214160NR1911404722022332416  CUDDALORE514254811161171111053946183190167NR1821434828022482720  DHARMAPURI48383670113118100963943213NR143NR1871374527023322510  VELLORE49384073120120105974040198205166NR1901375427023332518  RAMANATHAPURAM493558691111221011044043214255166NR1911384927718313117  HYDERABAD463433699510810110036501711781431751741275126016202025  KARIMNAGAR35324470105107102923854170188135NR1721364830420252025  WARANGAL4238377695107989841541881971641851951555328315292950  ADILABAD5035406710298989537701702201641671691345230721282820  SURYAPET35352863959596904758183188163NR1911505528220153762  JADCHERLA40305075108123108953957170178126NR1841405529214151430  Commodity NameRiceWheatAtta (Wheat)Gram DalTur/Arhar DalUrad DalMoong DalMasoor DalSugarMilk @Groundnut Oil (Packed)Mustard Oil (Packed)Vanaspati (Packed)Soya Oil (Packed)Sunflower Oil (Packed)Palm Oil (Packed)GurTea LooseSalt Pack (Iodised)PotatoOnionTomato  Average Price137.0230.3734.8973.59107.4106.55102.1297.0841.8352.51187.95174.65155.05157.76181.11138.3149.51281.7619.9327.225.6234.33  Maximum Price1584466120135146135130558025025522720224018512054728506080  Minimum Price12117225572737870353515514510513014085331238131010  Modal Price132.529.53070110120951004048182.51801601551751404524024252540,,,,,,,,,,,,,,,,,,,,,,
1,Centre,Rice,Wheat,Atta (Wheat),Gram Dal,Tur/Arhar Dal,Urad Dal,Moong Dal,Masoor Dal,Sugar,Milk @,Groundnut Oil (Packed),Mustard Oil (Packed),Vanaspati (Packed),Soya Oil (Packed),Sunflower Oil (Packed),Palm Oil (Packed),Gur,Tea Loose,Salt Pack (Iodised),Potato,Onion,Tomato
2,Average Price,37.02,30.37,34.89,73.59,107.4,106.55,102.12,97.08,41.83,52.51,187.95,174.65,155.05,157.76,181.11,138.31,49.51,281.76,19.93,27.2,25.62,34.33
3,Maximum Price,58,44,66,120,135,146,135,130,55,80,250,255,227,202,240,185,120,547,28,50,60,80
4,Minimum Price,21,17,22,55,72,73,78,70,35,35,155,145,105,130,140,85,33,123,8,13,10,10
5,Modal Price,32.5,29.5,30,70,110,120,95,100,40,48,182.5,180,160,155,175,140,45,240,24,25,25,40
6,NORTH ZONE,,,,,,,,,,,,,,,,,,,,,,
7,CHANDIGARH,38,24,28,78,113,111,112,90,41,57,177,177,175,168,170,145,48,230,23,23,29,46
8,DELHI,32,24,29,70,110,120,97,92,41,50,205,185,165,159,207,146,57,233,24,27,25,30
9,HISAR,30,23,27,65,90,90,90,90,40,55,185,145,140,145,180,130,42,240,23,20,20,25
10,KARNAL,34,26,30,70,108,110,104,100,40,60,175,169,146,150,159,125,41,254,20,25,27,57
11,PANCHKULA,32,25,30,66,96,96,98,88,44,56,209,181,170,176,192,154,48,260,24,17,20,22
12,GURGAON,40,25,35,68,102,90,95,90,45,56,186,183,143,146,159,145,44,340,20,25,20,25
13,SHIMLA,36,NR,30,70,104,103,95,93,44,50,194,189,167,153,NR,NR,43,267,25,30,30,33
14,MANDI,34,NR,29,72,106,105,97,100,42,42,183,180,147,145,190,152,42,262,25,33,33,40
15,DHARAMSHALA,26,NR,27,69,109,100,95,95,42,40,NR,180,164,160,NR,NR,45,250,25,25,30,40
16,SOLAN,34,NR,28,69,103,107,94,97,41,43,178,166,165,155,185,NR,46,250,25,33,25,25
17,UNA,36,NR,26,69,106,96,94,97,40,55,NR,169,151,162,NR,NR,44,229,24,30,32,38
18,BILASPUR-HP,42,NR,26,64,103,103,94,92,40,52,NR,178,150,149,NR,NR,41,326,24,29,24,30
19,CHAMBA,25,NR,31,66,114,98,91,91,44,55,NR,180,147,141,158,135,41,210,24,25,25,40
20,HAMIRPUR-HP,32,NR,28,66,103,106,94,96,43,60,NR,182,157,NR,NR,NR,45,259,24,33,25,38
21,SRINAGAR,35,35,50,90,120,120,110,95,48,42,250,182,180,177,193,NR,47,340,25,32,30,38
22,JAMMU,37,27,32,70,125,120,110,103,46,50,NR,188,167,160,188,137,49,297,25,30,25,43
23,POONCH,37,25,36,75,120,115,100,100,46,64,NR,212,187,170,183,170,48,303,16,26,29,41
24,KUPWARA,30,25,29,73,109,107,100,100,48,57,NR,187,172,172,188,147,45,392,24,22,22,30
25,AMRITSAR,40,25,28,85,135,120,135,130,42,55,222,210,195,202,220,NR,59,277,24,28,33,36
26,LUDHIANA,35,22,27,75,112,120,103,103,40,51,197,167,147,153,192,NR,50,320,24,27,25,47
27,BATHINDA,35,22,25,72,108,117,102,103,40,49,200,168,153,148,198,130,50,265,24,27,28,43
28,LUCKNOW,31,24,28,72,108,108,98,96,40,59,216,186,166,159,187,165,54,291,20,26,25,33
29,KANPUR,32,23,26,66,105,125,85,85,39,56,195,160,160,152,175,140,48,235,24,25,35,40
30,VARANASI,34,29,33,75,111,104,102,91,48,65,208,178,178,179,199,171,57,249,25,22,27,31
31,AGRA,35,26,28,75,105,100,95,100,40,59,190,160,148,150,185,138,42,350,22,22,20,30
32,JHANSI,32,23,26,70,98,92,92,90,43,51,179,167,161,159,181,149,41,240,21,21,19,31
33,MEERUT,37,26,28,77,113,117,111,100,39,57,190,165,156,165,186,134,46,330,21,22,18,21
34,ALLAHABAD,30,30,32,65,103,106,102,84,44,57,184,160,160,146,175,125,47,256,20,29,28,38
35,GORAKHPUR,28,22,27,65,105,108,106,89,41,54,197,164,154,159,184,134,47,208,23,23,24,39
36,SAHARANPUR,31,25,27,81,111,107,102,100,41,61,181,190,167,163,190,134,44,324,22,26,26,26
37,BAREILLY,28,25,30,77,113,118,113,113,39,57,198,167,154,153,185,138,42,402,22,27,21,32
38,AYODHYA,29,26,29,71,105,93,93,93,41,55,195,177,127,147,162,122,42,215,25,24,24,27
39,MORADABAD,26,23,27,66,102,104,96,94,41,59,184,160,135,150,183,132,43,256,22,22,20,28
40,ALIGARH,32,22,26,75,110,110,100,110,39,56,172,176,152,172,190,133,42,240,24,21,16,40
41,MIRZAPUR (VINDHYANCHAL),34,25,26,69,88,86,88,79,41,45,188,158,157,154,176,140,46,231,22,22,22,40
42,BANDA,38,26,28,70,100,100,95,90,40,58,190,180,165,170,185,140,51,242,23,18,13,33
43,AZAMGARH,30,24,28,70,100,94,94,93,42,55,165,170,153,153,162,145,46,320,22,24,24,38
44,GONDA (DEVIPATAN),38,24,32,75,115,125,110,90,45,55,185,190,155,160,190,140,47,340,23,21,32,48
45,DEHRADUN,28,27,29,70,109,112,107,91,44,58,189,172,175,173,192,NR,42,280,25,26,25,28
46,HALDWANI,34,30,33,120,115,118,117,110,42,49,176,176,170,178,179,145,50,255,25,35,35,40
47,RUDRAPUR,31,23,29,70,110,109,109,108,40,61,188,161,165,146,166,130,50,205,24,24,23,38
48,HARIDWAR,33,23,33,92,108,104,102,91,42,62,178,174,158,154,176,NR,46,284,23,23,26,36
49,WEST ZONE,,,,,,,,,,,,,,,,,,,,,,
50,RAIPUR,35,33,32,61,93,90,92,91,42,50,205,178,145,160,185,167,52,305,18,24,24,27
51,DURG,28,33,37,69,106,98,97,89,42,56,191,167,127,153,187,140,47,260,9,22,21,16
52,AMBIKAPUR,26,19,24,80,100,100,101,92,41,41,175,180,160,162,163,140,38,260,15,17,18,20
53,BILASPUR-CG,40,32,35,75,105,100,105,100,40,44,195,179,158,160,175,155,43,290,19,25,21,27
54,JAGDALPUR,30,28,38,66,72,91,92,88,39,68,164,168,124,146,169,139,46,309,21,19,22,23
55,DANTEWADA,42,34,37,78,109,108,108,98,39,67,223,183,148,143,183,158,51,501,25,28,23,28
56,PANAJI,46,39,34,79,117,119,119,104,39,52,205,182,192,172,185,132,55,307,23,35,28,27
57,AHMEDABAD,36,37,34,63,95,93,88,94,35,56,186,175,120,187,185,160,48,245,15,25,24,37
58,RAJKOT,36,32,35,61,110,89,87,95,40,54,187,171,168,162,173,147,51,307,17,20,23,42
59,SURAT,30,28,28,NR,110,110,100,110,40,NR,155,165,NR,NR,147,NR,50,465,22,36,30,30
60,BHUJ,30,35,37,75,130,135,90,100,49,52,208,200,197,200,197,185,56,292,18,19,27,30
61,SELAMBA,46,33,37,78,107,108,108,107,38,57,177,163,140,150,180,140,45,370,14,26,19,35
62,WAGHAI,25,30,32,55,90,92,95,92,39,47,181,188,164,168,194,155,40,450,9,17,18,NR
63,BODELI,36,29,30,66,108,88,85,90,40,54,193,193,181,176,183,174,42,287,13,26,25,42
64,VAPI,35,28,35,85,110,110,120,80,39,60,167,157,153,163,167,133,49,260,11,22,28,33
65,BHOPAL,31,30,33,65,95,97,96,93,41,54,171,198,165,140,163,103,44,233,15,25,15,25
66,INDORE,35,25,30,67,97,97,94,94,41,57,172,184,144,145,157,125,46,258,17,21,17,31
67,GWALIOR,29,26,36,65,108,85,90,79,42,63,190,169,158,150,178,NR,41,230,23,18,24,26
68,JABALPUR,35,27,33,70,97,96,95,88,42,57,172,154,134,150,166,100,38,290,15,16,14,22
69,REWA,37,20,41,83,102,73,111,85,41,45,180,166,128,156,144,NR,43,387,15,15,27,43
70,SAGAR,44,24,26,61,96,94,95,91,39,65,171,174,137,155,163,130,36,268,19,13,10,18
71,JHABUA,30,28,30,70,115,105,100,100,40,53,185,175,173,141,205,NR,52,277,24,30,26,40
72,HOSHANGABAD,33,27,28,66,91,88,86,70,39,56,185,170,130,146,180,140,38,330,10,25,20,25
73,SHAHDOL,25,29,25,62,95,79,78,92,40,74,182,155,120,140,195,NR,44,180,25,25,20,20
74,UJJAIN,29,29,25,60,92,99,90,101,38,55,168,172,185,142,192,120,42,228,23,30,25,41
75,MORENA,30,22,26,65,100,90,85,85,40,55,180,190,125,130,140,120,35,235,20,20,15,33
76,MUMBAI,35,40,53,77,118,120,121,103,42,50,198,185,193,175,184,153,68,315,25,40,27,31
77,NAGPUR,39,29,39,72,105,108,103,114,40,50,187,204,182,150,192,142,52,273,25,32,23,33
78,PUNE,53,34,46,73,126,118,116,93,42,54,209,161,137,144,166,141,37,306,24,26,17,23
79,NASHIK,33,35,33,72,110,103,101,98,38,50,179,217,173,137,181,141,52,303,24,27,22,43
80,MANGAON-RAIGAD,30,33,48,72,106,116,100,106,41,58,180,173,162,146,172,134,53,302,20,29,28,42
81,DHARNI,32,30,30,70,110,104,96,94,40,40,185,188,177,144,174,NR,39,300,8,20,25,40
82,LATUR,52,32,31,64,105,105,95,98,37,58,183,163,117,133,164,132,33,157,25,29,14,18
83,JAIPUR,39,27,28,65,112,102,92,89,41,46,203,175,140,155,192,NR,41,270,17,22,25,30
84,JODHPUR,34,29,32,63,113,103,88,90,41,35,198,180,NR,NR,185,NR,48,315,18,24,21,35
85,KOTA,35,25,28,95,87,85,93,87,42,48,196,183,161,175,175,NR,47,231,21,27,21,47
86,UDAIPUR,28,26,27,78,110,96,94,93,40,42,196,188,128,195,NR,121,57,247,22,25,20,40
87,BHARATPUR,30,26,30,70,110,120,102,100,40,58,200,150,140,140,NR,NR,45,295,22,23,25,30
88,AJMER,NR,NR,NR,NR,NR,NR,NR,NR,NR,NR,NR,NR,NR,NR,NR,NR,NR,NR,NR,NR,NR,NR
89,BIKANER,46,41,42,77,127,121,118,119,44,45,184,181,152,182,229,156,47,268,24,33,37,50
90,EAST ZONE,,,,,,,,,,,,,,,,,,,,,,
91,PATNA,36,22,35,71,112,102,100,92,44,50,NR,160,133,155,200,156,48,290,22,24,22,60
92,BHAGALPUR,38,26,36,69,103,101,97,91,45,52,NR,176,172,176,204,153,45,286,14,29,23,38
93,PURNIA,36,29,32,64,104,99,94,87,44,49,NR,157,132,146,NR,126,43,324,13,22,20,54
94,DARBHANGA,38,27,30,66,96,100,100,90,42,46,NR,165,160,155,NR,132,40,195,15,20,22,40
95,GAYA,34,24,29,75,104,105,100,96,44,45,NR,195,150,178,195,132,44,400,22,20,24,40
96,MUZZAFARPUR,35,23,29,67,106,103,100,88,40,51,NR,161,169,151,219,131,54,317,23,22,21,39
97,SARAN,38,26,30,69,109,99,99,89,43,56,NR,159,168,153,NR,134,47,233,23,19,22,35
98,MUNGER,37,29,35,70,105,105,103,90,40,48,NR,162,167,163,225,NR,45,317,24,21,20,34
99,SAHARSA,51,22,29,66,110,98,96,84,42,46,NR,180,161,163,NR,NR,60,128,19,19,20,51
100,MADHUBANI,32,21,40,64,93,99,99,94,43,48,183,162,162,168,178,156,52,277,12,21,21,46
101,ROHTAS (SASARAM),26,30,34,65,109,98,94,87,46,59,208,159,145,145,197,130,47,225,25,22,25,33
102,MOTIHARI,36,24,27,63,95,95,95,84,42,50,155,169,134,152,154,124,43,284,17,18,22,37
103,SAMASTIPUR,34,24,27,64,110,92,96,84,42,56,195,152,118,138,195,135,46,260,24,17,19,47
104,KATIHAR,38,24,32,72,103,102,98,96,44,48,NR,174,162,156,178,NR,40,345,18,26,24,38
105,ARARIA,29,25,29,66,99,100,100,100,41,50,NR,165,163,151,198,157,43,337,21,21,19,39
106,NAWADA,42,26,29,66,104,100,97,93,43,53,NR,188,143,161,NR,139,43,248,21,21,34,40
107,KHAGARIA,42,24,30,66,98,98,95,85,43,42,242,164,128,152,158,130,41,385,22,21,23,45
108,RANCHI,40,31,34,65,110,92,90,85,42,52,230,156,118,145,182,124,48,240,24,22,20,40
109,GUMLA,32,NR,32,76,98,97,98,98,NR,NR,NR,NR,NR,NR,NR,NR,NR,NR,NR,NR,NR,NR
110,SAHIBGANJ,33,20,22,70,100,100,95,85,42,NR,NR,209,NR,NR,NR,NR,50,NR,20,20,16,50
111,BOKARO,28,25,30,65,95,92,95,83,NR,NR,170,162,120,165,185,125,NR,NR,NR,25,25,40
112,LOHARDAGA,34,27,31,66,105,96,91,91,43,52,NR,176,138,166,209,136,42,198,21,22,22,28
113,SIMDEGA,34,NR,36,68,100,94,97,85,42,NR,NR,176,NR,170,NR,171,42,NR,24,23,20,20
114,DHANBAD,33,29,31,76,97,113,102,96,44,55,218,175,134,174,193,119,44,419,18,25,24,46
115,JAMSHEDPUR (EAST SINGBHUM),40,29,30,75,95,98,102,82,41,48,165,187,163,165,170,85,40,215,20,20,50,50
116,GIRIDHI,31,28,29,80,98,100,108,88,41,54,NR,192,132,188,210,178,39,295,15,15,34,NR
117,BHUBANESHWAR,32,35,36,69,115,120,95,104,43,48,NR,172,153,NR,175,128,51,227,24,28,25,34
118,CUTTACK,36,37,36,71,115,96,99,87,43,46,NR,193,124,NR,189,149,50,250,25,25,23,28
119,SAMBALPUR,30,31,32,67,105,91,89,87,43,48,NR,191,133,NR,194,146,43,247,22,25,21,30
120,ROURKELA,30,34,35,67,108,96,95,92,43,50,NR,200,127,162,195,145,46,240,22,26,20,35
121,BERHAMPUR,31,35,36,65,93,96,91,91,43,48,NR,191,150,137,187,150,46,245,21,20,26,30
122,JEYPORE,28,33,34,68,100,100,92,88,42,48,NR,160,120,NR,170,125,45,200,23,25,20,25
123,BALASORE,27,NR,33,71,120,96,100,94,42,48,NR,185,NR,NR,177,125,52,240,24,25,23,28
124,BARIPADA,32,37,35,70,110,95,90,88,44,48,182,165,123,180,175,125,55,230,24,25,20,30
125,BALANGIR,38,35,40,72,105,101,96,92,39,48,NR,175,108,176,175,128,46,NR,24,25,22,20
126,KOLKATA,41,NR,35,73,120,106,107,102,43,48,NR,166,155,153,196,144,64,253,19,30,29,39
127,SILIGURI,36,29,34,79,116,113,112,110,43,49,181,172,136,160,170,121,53,211,16,25,29,52
128,PURULIA,33,NR,33,71,93,96,92,92,42,52,190,162,105,140,145,122,42,288,19,16,27,33
129,KHARAGPUR,44,22,30,80,95,96,120,105,42,45,208,165,130,145,180,125,45,230,14,28,22,40
130,RAMPURHAT,51,22,33,77,107,97,123,107,40,54,192,178,139,164,170,138,54,280,19,25,17,44
131,MALDA,34,17,24,79,118,99,108,103,41,43,NR,185,120,148,174,143,48,293,19,23,23,70
132,RAIGANJ,36,23,36,84,115,123,110,105,41,39,196,172,135,165,190,134,55,253,10,25,20,58
133,NORTH EAST ZONE,,,,,,,,,,,,,,,,,,,,,,
134,PORT BLAIR,41,39,65,80,105,117,108,104,51,67,NR,240,227,NR,216,176,70,325,22,50,40,50
135,MAYABUNDER,49,NR,66,86,110,130,124,100,51,68,201,221,175,NR,208,172,66,NR,19,50,40,50
136,ITANAGAR,24,NR,45,80,120,120,120,110,NR,NR,NR,150,180,160,240,NR,NR,NR,NR,35,40,70
137,GUWAHATI,27,28,33,65,93,80,90,88,42,65,210,174,166,155,170,155,44,200,15,29,30,45
138,BARPETA,37,24,32,68,100,98,96,92,42,68,245,178,155,177,196,150,45,205,12,28,30,60
139,TINSUKIA,21,NR,33,70,115,98,95,92,44,68,NR,180,180,150,195,NR,58,175,12,26,25,NR
140,IMPHAL,40,34,33,85,110,120,100,95,49,60,180,170,177,170,210,167,NR,280,NR,35,31,80
141,SHILLONG,35,34,32,78,103,107,107,98,44,68,NR,163,160,145,193,NR,60,253,28,33,37,53
142,TURA,22,35,34,85,115,120,110,103,45,68,NR,175,NR,160,210,140,70,500,15,37,37,53
143,JOWAI,25,34,32,90,100,110,115,95,45,68,NR,160,170,170,200,150,60,360,28,30,40,43
144,SOHRA,25,32,30,NR,120,120,115,100,45,66,NR,180,NR,150,NR,NR,100,340,25,22,60,70
145,MAIRANG,25,34,33,NR,NR,NR,NR,97,45,68,NR,155,NR,160,NR,NR,NR,347,12,30,40,33
146,AIZAWL,45,40,40,100,130,130,120,130,53,72,191,187,183,191,209,147,120,123,25,40,60,60
147,KOHIMA,40,NR,55,NR,NR,110,120,130,55,55,NR,220,210,190,NR,NR,NR,360,25,30,60,80
148,DIMAPUR,23,39,36,65,105,90,105,95,50,80,210,160,135,170,210,165,62,208,14,30,35,45
149,TUENSANG,30,NR,50,100,NR,NR,NR,100,50,NR,NR,170,NR,180,NR,NR,NR,NR,20,35,45,65
150,GANGTOK,53,30,34,85,115,125,115,110,48,62,NR,220,194,201,238,NR,60,547,17,38,35,50
151,AGARTALA,45,NR,30,75,115,110,110,115,50,64,NR,180,180,180,190,155,50,180,10,35,30,60
152,SOUTH ZONE,,,,,,,,,,,,,,,,,,,,,,
153,VIJAYWADA,56,41,48,70,106,118,104,96,42,67,177,175,138,NR,175,126,53,297,18,38,26,26
154,VISAKHAPATNAM,41,34,36,76,115,122,107,97,41,50,176,180,127,NR,173,125,56,240,20,29,23,24
155,KURNOOL,51,40,42,70,112,121,112,102,39,59,172,249,180,190,175,127,55,450,22,37,22,15
156,TIRUPATHI,NR,NR,NR,NR,NR,NR,NR,NR,NR,NR,NR,NR,NR,NR,NR,NR,NR,NR,NR,NR,NR,NR
157,JAMMALAMADUGU,NR,NR,NR,NR,NR,NR,NR,NR,NR,NR,NR,NR,NR,NR,NR,NR,NR,NR,NR,NR,NR,NR
158,BENGALURU,53,35,37,80,118,105,110,99,42,43,210,192,114,172,176,131,63,393,19,28,24,14
159,DHARWAD,40,36,56,67,117,116,107,113,37,50,203,204,179,157,186,151,45,393,21,32,32,23
160,MANGALORE,44,39,49,68,98,109,98,98,40,43,184,214,128,155,179,145,51,412,14,33,19,19
161,MYSORE,50,37,53,103,98,108,118,116,38,38,196,208,190,166,181,148,64,515,18,41,26,12
162,BENGALURU (EAST RANGE),52,34,36,75,118,108,101,102,44,41,212,193,112,177,174,138,57,355,17,30,28,12
163,BELAGAVI,41,35,34,66,105,102,91,90,38,48,178,171,156,146,175,126,52,273,19,27,26,27
164,KALABURAGI,44,32,37,78,100,102,98,100,42,46,178,174,120,174,173,137,44,186,17,28,21,20
165,TUMAKURU,50,34,34,71,101,107,105,100,39,41,209,207,173,193,174,146,55,315,17,30,24,14
166,BELLARY,42,38,35,60,106,105,97,94,38,43,172,184,115,131,172,128,42,184,23,31,27,13
167,DHAVANAGERE,48,36,59,74,106,112,101,102,38,40,173,205,138,162,177,135,56,268,19,31,23,11
168,SHIVAMOGGA,43,40,39,69,98,99,97,97,40,44,174,164,130,144,170,126,44,240,14,30,27,19
169,VIJAYAPUR,57,34,42,80,116,118,126,110,38,45,194,214,168,181,188,126,43,322,16,31,21,15
170,T.PURAM,53,39,47,98,125,135,128,118,42,45,200,186,175,NR,180,148,77,267,15,46,27,27
171,ERNAKULAM,47,39,37,95,127,146,125,121,41,46,191,213,190,NR,188,141,61,210,16,42,25,24
172,KOZHIKODE,37,39,49,87,123,128,127,115,42,48,212,226,172,NR,182,145,61,222,13,33,26,14
173,THRISSUR,44,42,56,98,122,132,126,111,42,48,215,208,183,NR,180,152,60,260,15,42,29,23
174,PALAKKAD,38,39,38,81,120,122,113,111,40,44,218,208,187,NR,175,130,52,247,12,40,23,15
175,WAYANAD,49,44,37,94,123,129,125,117,39,48,NR,228,213,NR,185,137,52,217,15,38,23,15
176,KASARGOD,52,44,50,90,114,126,114,110,40,46,NR,NR,210,NR,170,128,48,242,15,34,25,18
177,KOTTAYAM,50,38,36,118,118,126,116,104,41,50,NR,213,190,NR,192,144,60,240,13,42,25,38
178,PATHANAMTHITTA,51,32,35,95,118,131,118,128,41,48,NR,248,190,NR,175,145,63,237,14,42,29,30
179,PUDUCHERRY,34,40,33,77,119,122,111,101,40,44,174,178,170,NR,164,126,48,328,21,30,25,14
180,CHENNAI,58,39,33,69,107,113,99,97,40,40,181,193,143,NR,176,122,49,303,21,36,26,19
181,DINDIGUL,55,43,50,75,111,118,107,97,40,40,204,215,160,NR,184,134,56,290,22,38,25,14
182,THIRUCHIRAPALLI,52,37,59,75,121,124,111,105,40,43,193,220,152,NR,177,128,54,NR,24,39,31,16
183,COIMBATORE,39,39,40,74,116,121,103,96,40,40,220,209,150,NR,189,137,52,240,23,39,20,12
184,TIRUNELVELI,36,38,54,75,112,120,102,95,39,40,229,214,160,NR,191,140,47,220,22,33,24,16
185,CUDDALORE,51,42,54,81,116,117,111,105,39,46,183,190,167,NR,182,143,48,280,22,48,27,20
186,DHARMAPURI,48,38,36,70,113,118,100,96,39,43,213,NR,143,NR,187,137,45,270,23,32,25,10
187,VELLORE,49,38,40,73,120,120,105,97,40,40,198,205,166,NR,190,137,54,270,23,33,25,18
188,RAMANATHAPURAM,49,35,58,69,111,122,101,104,40,43,214,255,166,NR,191,138,49,277,18,31,31,17
189,HYDERABAD,46,34,33,69,95,108,101,100,36,50,171,178,143,175,174,127,51,260,16,20,20,25
190,KARIMNAGAR,35,32,44,70,105,107,102,92,38,54,170,188,135,NR,172,136,48,304,20,25,20,25
191,WARANGAL,42,38,37,76,95,107,98,98,41,54,188,197,164,185,195,155,53,283,15,29,29,50
192,ADILABAD,50,35,40,67,102,98,98,95,37,70,170,220,164,167,169,134,52,307,21,28,28,20
193,SURYAPET,35,35,28,63,95,95,96,90,47,58,183,188,163,NR,191,150,55,282,20,15,37,62
194,JADCHERLA,40,30,50,75,108,123,108,95,39,57,170,178,126,NR,184,140,55,292,14,15,14,30
195,Commodity Name,Rice,Wheat,Atta (Wheat),Gram Dal,Tur/Arhar Dal,Urad Dal,Moong Dal,Masoor Dal,Sugar,Milk @,Groundnut Oil (Packed),Mustard Oil (Packed),Vanaspati (Packed),Soya Oil (Packed),Sunflower Oil (Packed),Palm Oil (Packed),Gur,Tea Loose,Salt Pack (Iodised),Potato,Onion,Tomato
196,Average Price1,37.02,30.37,34.89,73.59,107.4,106.55,102.12,97.08,41.83,52.51,187.95,174.65,155.05,157.76,181.11,138.31,49.51,281.76,19.93,27.2,25.62,34.33
197,Maximum Price1,58,44,66,120,135,146,135,130,55,80,250,255,227,202,240,185,120,547,28,50,60,80
198,Minimum Price1,21,17,22,55,72,73,78,70,35,35,155,145,105,130,140,85,33,123,8,13,10,10
199,Modal Price1,32.5,29.5,30,70,110,120,95,100,40,48,182.5,180,160,155,175,140,45,240,24,25,25,40
200,Source:- State civil supplies Dept.Note:- All India Consumption Weighted Average Prices of Oils w.e.f 23-Feb-2022 and Wheat and Atta w.e.f 25-Feb-2023 NR -&gt Not Reported Developed by:- National Informatics Centre(NIC),,,,,,,,,,,,,,,,,,,,,,
201,Source:- State civil supplies Dept.,Note:- All India Consumption Weighted Average Prices of Oils w.e.f 23-Feb-2022 and Wheat and Atta w.e.f 25-Feb-2023,NR -&gt Not Reported,,,,,,,,,,,,,,,,,,,,
202,Developed by:- National Informatics Centre(NIC),Developed by:- National Informatics Centre(NIC),,,,,,,,,,,,,,,,,,,,,
203,,,,,,,,,,,,,,,,,,,,,,,
